re,im
-1.8377213879012473,26180585518230952e-25
-0.5557948104790558,4892349183296492e-25
-2.7099697601028105,12969065865339775e-25
-2.087063933576422,-2.5202571831297407
-2.0870639456360673,2.5202571763630313
-1.4017601064951253,-1.9703612559728425
-1.4017601534720379,1.9703612612183619
-2.822916315647544,2.7844700302824115
-2.8229163115339206,-2.784470034397341
-3.1775964880931786,8228702614004152e-25
-2.0562017785061824,4.933252877131678
-2.05620179161838,-4.9332528961422835
