re,im
-1.4017601177620669,-1.9703612777134312
-1.4017601177620624,1.9703612777134374
-0.5557948122157833,2679348698516273e-34
-2.709969759391304,-9228106907590074e-31
-1.8377213863662567,19360040258413934e-32
-2.0870639384794,-2.5202571797112014
-2.087063938479409,2.5202571797111935
-2.8229163135299165,-2.784470033362969
-2.8229163135299222,2.784470033362977
-3.177596487627709,4381420282523005e-30
