re,im
-2.0870639101830784,2.520257085335391
-0.5557904831476568,-40367462508696753e-23
-2.0870629679178205,-2.520256648665177
-2.709967633327874,-5372616328611979e-22
-1.837723579050293,-3057196487508705e-21
-2.822918295935291,2.7844696769708785
-2.822914178941236,-2.784470223383572
-2.0562000776438953,4.933251669875729
-3.177593544078527,-3220314360187726e-21
-2.056199375423707,-4.933263351023866
-1.4017299505563083,-1.9703425944079456
