re,im
-2.7099697578589796,6673887644086931e-25
-1.4017603126513833,1.9703610883882499
-1.8377213817994003,4917817624104557e-24
-1.4017604228624574,-1.9703611610899694
-2.087063943748353,-2.5202571721838147
-2.0870639406673703,2.520257174804212
-2.8229163294614166,-2.7844700209659186
-2.8229163260086483,2.7844700200565637
-3.177596487616067,-24016587329978023e-28
-2.0562016806268573,-4.933253227519531
-2.0562016839809028,4.933253242900283
-0.5557890862876401,6497802462508067e-21
