re,im
-1.8377213863634356,-7726485961025687e-30
-1.401760117720374,1.9703612776796728
-1.4017601177204821,-1.9703612776796664
-0.5557948122246614,765084731108866e-29
-2.7099697594012677,6970472442912482e-31
