re,im
-0.555794812150435,1561139264752766e-31
-1.4017601173752292,-1.9703612773595245
-1.401760117373652,1.9703612773611079
