re,im
-1.2625957637713645,-10214430299542149e-30
-0.15194814367317167,16737021662288498e-30
-1.365594759739066,-2.0107046327575815
-1.3655947597379923,2.0107046327575206
-1.9834392666575298,3534073258591064e-29
-2.4354885646266524,15188746830981216e-30
-2.062740427107431,-2.488738136658772
-2.062740427107646,2.4887381366588115
-2.5660607116253056,24486304924419613e-30
