re,im
-0.15194814367290252,334753181198083e-28
-1.2625957637711112,4293855753789549e-30
-1.3655947597378677,-2.01070463275615
-1.365594759739149,2.0107046327577414
-1.9834392666574654,-7379117360384508e-29
-2.435488564626381,13360706175422607e-29
-2.0627404271079337,-2.4887381366588324
-2.062740427107782,2.4887381366589514
-2.5660607116252656,-2662770676700226e-28
