re,im
-0.15194814367523665,-16725007541892802e-36
-1.2625957637502252,4796571001307425e-30
-0.15194814358046704,-3498958515788329e-33
-1.3655947599805058,2.0107046326123217
-1.3655947599800276,-2.0107046326122804
-1.9834392692717604,-149934207200892e-26
-0.15194811728464344,-4569874192619576e-31
