re,im
54550.13915401968,459.5171610274712
75402.85310756824,4948.348818450091
77240.79034964897,143.9013925564939
43857.60089796073,20.52553239603794
44259.418575064585,3.5759869516139733
48788.73198727339,6.323940151169003
48142.06858696588,41.89161304495465
80991.85642218198,32.38707839247602
83158.7830408001,458.86690990899996
87004.08243439875,28116.00285948899
